State,Primary Date,Runoff Date,General Election,Note
Alabama,2026-05-19,2026-06-16,2026-11-03,U.S. House districts 1/2/6/7 primary is Aug 11
Alaska,2026-08-18,,2026-11-03,
Arizona,2026-07-21,,2026-11-03,
Arkansas,2026-03-03,2026-03-31,2026-11-03,
California,2026-06-02,,2026-11-03,
Colorado,2026-06-30,,2026-11-03,
Connecticut,2026-08-11,,2026-11-03,
Delaware,2026-09-15,,2026-11-03,
District of Columbia,2026-06-16,,2026-11-03,
Florida,2026-08-18,,2026-11-03,
Georgia,2026-05-19,2026-06-16,2026-11-03,
Hawaii,2026-08-08,,2026-11-03,
Idaho,2026-05-19,,2026-11-03,
Illinois,2026-03-17,,2026-11-03,
Indiana,2026-05-05,,2026-11-03,
Iowa,2026-06-02,,2026-11-03,
Kansas,2026-08-04,,2026-11-03,
Kentucky,2026-05-19,,2026-11-03,
Louisiana,2026-05-16,2026-06-27,2026-11-03,U.S. House uses Nov 3 primary / Dec 12 runoff
Maine,2026-06-09,,2026-11-03,
Maryland,2026-06-23,,2026-11-03,
Massachusetts,2026-09-01,,2026-11-03,
Michigan,2026-08-04,,2026-11-03,
Minnesota,2026-08-11,,2026-11-03,
Mississippi,2026-03-10,2026-04-07,2026-11-03,
Missouri,2026-08-04,,2026-11-03,
Montana,2026-06-02,,2026-11-03,
Nebraska,2026-05-12,,2026-11-03,
Nevada,2026-06-09,,2026-11-03,
New Hampshire,2026-09-08,,2026-11-03,
New Jersey,2026-06-02,,2026-11-03,
New Mexico,2026-06-02,,2026-11-03,
New York,2026-06-23,,2026-11-03,
North Carolina,2026-03-03,2026-05-12,2026-11-03,
North Dakota,2026-06-09,,2026-11-03,
Ohio,2026-05-05,,2026-11-03,
Oklahoma,2026-06-16,2026-08-25,2026-11-03,
Oregon,2026-05-19,,2026-11-03,
Pennsylvania,2026-05-19,,2026-11-03,
Rhode Island,2026-09-09,,2026-11-03,
South Carolina,2026-06-09,2026-06-23,2026-11-03,
South Dakota,2026-06-02,,2026-11-03,
Tennessee,2026-08-06,,2026-11-03,
Texas,2026-03-03,2026-05-26,2026-11-03,
Utah,2026-06-23,,2026-11-03,
Vermont,2026-08-11,,2026-11-03,
Virginia,2026-08-04,,2026-11-03,
Washington,2026-08-04,,2026-11-03,
West Virginia,2026-05-12,,2026-11-03,
Wisconsin,2026-08-11,,2026-11-03,
Wyoming,2026-08-18,,2026-11-03,
